cod_prov,cod_ecor,province,ecoregion,area_province_km2,area_ecoregion_km2,area_prov_ecor_km2,C10,C13,C16,C20,C23,C30,C40,C50
BA,2,Buenos Aires,Monte de llanuras y mesetas,,346050.6258,119.3579,0.0000,0.0000,1.3804,1.3804,104.7273,104.7273,104.7273,104.7273
BA,8,Buenos Aires,Pampa,,442335.7345,269733.3691,522.8612,522.8612,562.9452,8018.9315,8333.5363,8502.5244,8508.3155,19276.0873
BA,9,Buenos Aires,Espinal,,244165.5794,32187.8008,97.2341,97.2341,451.6145,1838.9753,8010.5192,8010.5581,8014.9525,8047.8368
BA,10,Buenos Aires,Delta e islas del Parana,,35250.0736,4022.3336,53.2419,53.2419,192.9927,292.1483,306.2386,315.9102,316.5031,1192.4262
CABA,8,CABA,Pampa,205.6187,442335.7345,192.7511,0.4951,0.4951,0.4951,0.4951,0.4951,0.5098,0.5098,0.6476
CABA,10,CABA,Delta e islas del Parana,205.6187,35250.0736,12.8675,3.3870,3.3870,3.3870,3.3870,3.3870,3.3870,3.3870,4.0920
CD,5,Córdoba,Chaco seco,,427101.0795,68263.3641,3319.6500,3319.6500,24852.9266,36476.1228,41611.6503,43999.4138,43999.4138,48655.7836
CD,8,Córdoba,Pampa,,442335.7345,48360.1307,0.0000,0.0000,961.9547,961.9547,961.9547,1039.4636,1079.8401,6943.7138
CD,9,Córdoba,Espinal,,244165.5794,48046.7514,0.0000,0.0000,371.3269,436.4481,490.3978,1102.5637,1102.5637,1125.5727
CH,5,Chaco,Chaco seco,,427101.0795,39703.3208,1870.5403,1870.5403,4094.0552,4101.8575,30874.7588,30879.9799,30880.3582,30883.3760
CH,10,Chaco,Delta e islas del Parana,,35250.0736,1848.2063,164.6082,164.6082,165.4669,166.3511,335.8414,335.8414,336.0364,1729.8758
CH,13,Chaco,Chaco humedo,,160173.7747,58225.0828,238.7049,238.7049,267.5958,267.5958,4275.1220,4684.7935,4709.0512,7223.8830
CM,3,Catamarca,Altos Andes,,139697.5067,32376.5126,0.0907,63.0606,98.9810,3937.0532,3937.0532,3938.2333,3938.2333,9707.2896
CM,4,Catamarca,Monte de Sierras y Bolsones,,113676.0698,26412.7876,0.0000,0.0000,1845.8592,1904.5350,6417.7786,6417.7786,6417.7786,6723.1476
CM,5,Catamarca,Chaco seco,,427101.0795,15487.7637,0.0000,0.0000,1586.6325,1586.6378,8127.7342,8127.7342,8130.1632,8130.3074
CM,6,Catamarca,Puna,,69150.5082,16491.5933,0.0000,0.0000,0.0000,3362.1179,3362.1179,3362.1179,3362.1179,6114.4278
CM,7,Catamarca,Selva de Yungas,,75073.7879,10721.4455,0.0000,0.0000,2165.5152,2324.9640,5174.9573,5174.9579,5174.9579,5174.9579
CS,9,Corrientes,Espinal,,244165.5794,21983.5516,0.0000,0.0000,212.3779,1186.1651,1908.2289,1923.1667,1923.1700,1923.1700
CS,10,Corrientes,Delta e islas del Parana,,35250.0736,3341.9671,0.0000,0.0000,138.0698,415.4303,419.5255,1561.6158,1561.6158,1631.6131
CS,11,Corrientes,Campos y Malezales,,27495.6404,24646.9728,303.9525,303.9525,438.6252,779.8625,946.6267,1032.1709,1076.8536,1086.2203
CS,12,Corrientes,Esteros del Ibera,,39153.1579,39153.1579,1794.3454,1794.3454,1946.3623,11325.2446,13187.5111,13278.2592,13290.9664,13291.4060
CU,0,Chubut,Bosques patagonicos,,68925.6755,14559.8430,2967.9522,3036.8200,6329.0082,7890.5294,12527.2111,12550.6944,12550.6944,12917.0981
CU,1,Chubut,Estepa patagonica,,565089.7022,192282.1452,52.0743,52.3446,656.2764,7582.6428,9104.0732,9353.4017,9353.4017,25856.2063
CU,2,Chubut,Monte de llanuras y mesetas,,346050.6258,17539.2904,0.0000,0.0000,0.0000,0.0000,0.0000,0.0000,0.0000,396.3155
ER,8,Entre Ríos,Pampa,,442335.7345,33932.9636,82.2914,82.2914,1691.9671,5540.5849,6605.9118,6972.4454,7116.7759,7128.1065
ER,9,Entre Ríos,Espinal,,244165.5794,32384.5341,0.0000,0.0000,6469.9486,7213.5440,12136.4289,12142.7912,12146.7971,12147.9810
ER,10,Entre Ríos,Delta e islas del Parana,,35250.0736,12121.6142,26.7348,26.7348,417.6664,7569.0996,7600.0927,7600.0927,7600.0927,8622.7083
FS,5,Formosa,Chaco seco,,427101.0795,43071.5460,90.6871,90.6871,1264.9652,5029.7380,8843.6694,8843.6694,8843.6694,9627.4203
FS,10,Formosa,Delta e islas del Parana,,35250.0736,1148.9891,0.0000,0.0000,758.2712,761.8717,764.1308,764.8038,764.8038,894.6539
FS,13,Formosa,Chaco humedo,,160173.7747,31257.6412,508.4066,508.4066,2806.0419,2837.0441,3348.0285,3348.0285,3366.0910,3863.9561
JJ,3,Jujuy,Altos Andes,,139697.5067,18030.9415,0.6726,9.3161,9.3161,4595.2803,4619.1513,4619.1513,4619.1513,8928.3428
JJ,4,Jujuy,Monte de Sierras y Bolsones,,113676.0698,1039.4732,0.0000,0.0454,0.0454,0.0454,8.1960,8.1960,8.1960,1039.4732
JJ,5,Jujuy,Chaco seco,,427101.0795,3537.4748,0.0000,0.0000,531.5893,531.5893,1404.2263,1404.2263,1404.2263,1434.2260
JJ,6,Jujuy,Puna,,69150.5082,19628.2560,209.2551,209.2551,209.2551,1317.0272,1398.7570,1415.2125,1415.2125,7205.4984
JJ,7,Jujuy,Selva de Yungas,,75073.7879,11004.3450,789.3484,789.3484,2053.1097,2583.4892,8029.4502,8029.7863,8030.9247,8669.5039
LP,2,La Pampa,Monte de llanuras y mesetas,,346050.6258,53347.3019,418.7291,418.7291,1531.9585,2323.1233,2549.4712,2549.4712,2549.4712,2549.4712
LP,8,La Pampa,Pampa,,442335.7345,37873.2420,104.9933,104.9933,108.3218,110.0222,3395.6766,3397.3724,3397.3724,3399.4011
LP,9,La Pampa,Espinal,,244165.5794,51990.3231,81.9392,81.9392,85.7129,95.0763,24482.0757,24484.3553,24484.3553,24484.3553
LR,2,La Rioja,Monte de llanuras y mesetas,,346050.6258,172.0492,0.0000,0.0000,0.0000,0.0000,9.2189,9.2189,9.2189,9.2189
LR,3,La Rioja,Altos Andes,,139697.5067,5170.3104,2922.0833,2960.2033,2960.2033,2960.2033,2960.2033,2960.3338,2960.3338,3124.1886
LR,4,La Rioja,Monte de Sierras y Bolsones,,113676.0698,38161.5653,2979.9885,2982.8538,3589.1482,3589.1482,3788.9242,5034.5997,5034.5997,5034.5997
LR,5,La Rioja,Chaco seco,,427101.0795,44002.2082,198.2905,198.2905,2633.0165,2633.0165,9249.5051,9909.9526,9909.9555,9910.2572
LR,6,La Rioja,Puna,,69150.5082,3907.7338,1226.9848,1227.2772,1227.2772,1227.2772,1227.2772,1227.8138,1227.8138,1229.9180
MS,11,Misiones,Campos y Malezales,,27495.6404,2848.6676,29.4063,29.4063,39.0735,43.1134,274.3905,274.4558,297.7487,297.7487
MS,14,Misiones,Selva Paranaense,,27062.5598,27062.5598,1977.9111,1977.9111,2532.1846,2572.5487,12087.6791,12127.4277,12489.4217,12512.3245
MZ,1,Mendoza,Estepa patagonica,,565089.7022,18036.0997,402.8735,403.1648,403.1648,1456.7965,1456.7965,2663.7536,2663.7536,2699.8834
MZ,2,Mendoza,Monte de llanuras y mesetas,,346050.6258,96413.1061,1433.8885,1433.8885,2251.0587,6161.8220,23898.0576,24054.2438,24074.6498,26826.3066
MZ,3,Mendoza,Altos Andes,,139697.5067,30922.5574,7558.9557,8108.1504,8108.1504,10927.6695,10927.6695,12384.4950,12404.6412,12406.7700
MZ,4,Mendoza,Monte de Sierras y Bolsones,,113676.0698,3714.9894,150.9740,150.9740,150.9740,150.9740,150.9740,839.5660,1401.3518,1435.8861
MZ,9,Mendoza,Espinal,,244165.5794,2.0878,0.0000,0.0000,0.1766,0.1766,0.6142,0.6142,0.6142,0.6142
NQ,0,Neuquén,Bosques patagonicos,,68925.6755,16911.0933,5484.1497,5486.6105,6988.3907,10209.9457,11784.5788,11784.5945,11785.0148,11834.9933
NQ,1,Neuquén,Estepa patagonica,,565089.7022,47392.8087,493.1115,529.2900,855.5290,2081.4903,3858.2433,3867.1488,3867.1488,3938.6560
NQ,2,Neuquén,Monte de llanuras y mesetas,,346050.6258,30065.1142,87.5168,87.5168,87.5168,838.4467,838.4467,845.0097,845.0097,857.8148
RN,0,Río Negro,Bosques patagonicos,,68925.6755,6229.7897,1821.6630,1831.2376,4160.2956,4508.6860,5660.7903,5841.5190,5841.5190,6224.8581
RN,1,Río Negro,Estepa patagonica,,565089.7022,73499.0922,8.0722,8.0722,310.9377,28822.8964,29930.4926,30031.8078,30031.8078,30170.4133
RN,2,Río Negro,Monte de llanuras y mesetas,,346050.6258,116771.5993,0.0000,0.0000,0.0000,6671.9770,6671.9770,11145.4571,11145.4571,13542.7164
RN,9,Río Negro,Espinal,,244165.5794,5728.7198,0.0000,0.0000,0.0000,0.0000,0.0000,0.5792,0.5792,0.5792
SC,0,Santa Cruz,Bosques patagonicos,,68925.6755,15075.3308,6195.2633,6539.7147,7938.4586,10431.9507,10833.6123,10964.9056,10964.9284,10964.9284
SC,1,Santa Cruz,Estepa patagonica,,565089.7022,229330.9319,2137.4762,2209.9624,2769.1342,7322.7113,7593.8201,8325.3959,8325.3959,8527.3670
SE,5,Santiago del Estero,Chaco seco,,427101.0795,119834.8169,1258.3712,1258.3712,9392.2642,14273.0359,72964.3817,72966.8367,73144.8103,73366.7240
SE,7,Santiago del Estero,Selva de Yungas,,75073.7879,126.6443,0.0000,0.0000,0.7425,27.4766,61.7033,61.7033,61.7033,61.7033
SE,9,Santiago del Estero,Espinal,,244165.5794,1263.4025,0.0000,0.0000,0.0000,0.0000,18.1707,18.1707,18.1707,19.0222
SE,13,Santiago del Estero,Chaco humedo,,160173.7747,15764.7927,0.0000,0.0000,478.5916,1126.3273,3778.5173,3778.5173,3778.5173,3778.5173
SF,5,Santa Fe,Chaco seco,,427101.0795,397.7586,0.0000,0.0000,3.5899,3.5899,12.5371,12.5371,12.5371,12.5371
SF,8,Santa Fe,Pampa,,442335.7345,32838.5336,130.5950,130.5950,209.4604,3009.3853,3031.9057,3101.9255,3118.3597,3912.7622
SF,9,Santa Fe,Espinal,,244165.5794,32381.3321,0.0000,0.0000,279.8777,281.6353,2124.9023,2127.2473,2150.8831,2617.4421
SF,10,Santa Fe,Delta e islas del Parana,,35250.0736,12752.4045,49.4856,49.4856,848.1332,917.4992,1030.9680,1104.5012,1142.2423,4644.7255
SF,13,Santa Fe,Chaco humedo,,160173.7747,54926.2580,21.2944,21.2944,2895.8303,2923.3132,14728.4895,14728.6848,14943.3286,15762.0933
SJ,2,San Juan,Monte de llanuras y mesetas,,346050.6258,11041.4410,8.1362,8.1362,8.1362,324.4476,3916.7128,4067.8888,4067.8888,5103.9993
SJ,3,San Juan,Altos Andes,,139697.5067,30433.0971,849.4176,1458.1640,1476.0871,1476.0871,2225.0855,10346.1301,10424.5902,10429.0118
SJ,4,San Juan,Monte de Sierras y Bolsones,,113676.0698,34506.3578,950.6991,950.9979,1157.8484,8103.9326,12100.6164,12491.4420,12494.5262,12658.6813
SJ,5,San Juan,Chaco seco,,427101.0795,1694.9521,0.0000,0.0000,25.9917,75.2002,1032.9560,1032.9560,1032.9560,1032.9560
SJ,6,San Juan,Puna,,69150.5082,10695.4079,1367.2177,1377.9899,1377.9899,1377.9899,1537.9131,3116.9077,3510.5102,3514.0558
SL,2,San Luis,Monte de llanuras y mesetas,,346050.6258,20582.4499,758.1028,758.1028,3372.7999,3372.7999,12265.5988,13070.0524,13111.5873,14539.5774
SL,5,San Luis,Chaco seco,,427101.0795,17378.7754,2.5104,2.5104,1896.5618,2442.6386,5782.4335,11772.1508,11772.6869,11773.1863
SL,8,San Luis,Pampa,,442335.7345,19405.8407,0.0000,0.0000,146.7998,146.7998,3059.5878,3059.5878,3235.7708,3266.4076
SL,9,San Luis,Espinal,,244165.5794,18196.5748,0.0000,0.0000,476.2303,476.2303,4879.0964,5747.1133,5828.4393,5828.4393
ST,3,Salta,Altos Andes,,139697.5067,21669.6368,847.8117,873.8940,873.8940,8062.1766,8065.2182,8065.2182,8065.2182,8947.5572
ST,4,Salta,Monte de Sierras y Bolsones,,113676.0698,8784.8677,707.4669,707.4669,715.0651,1464.5510,1716.7728,1716.7728,1716.7728,1716.7728
ST,5,Salta,Chaco seco,,427101.0795,68753.7461,0.0000,0.0000,7970.2272,8190.7254,41186.5239,41199.2215,41327.1355,41327.1355
ST,6,Salta,Puna,,69150.5082,18427.5343,314.3526,314.3526,314.3526,8310.8972,8310.8972,8310.8972,8310.8972,8310.8972
ST,7,Salta,Selva de Yungas,,75073.7879,37744.5050,1564.7213,1564.7213,5179.8823,5592.4745,25170.9075,25172.9068,25185.8739,27142.2467
TC,3,Tucumán,Altos Andes,,139697.5067,1090.3186,642.9380,646.6297,648.6513,648.6711,648.6711,963.6755,963.6755,963.6755
TC,4,Tucumán,Monte de Sierras y Bolsones,,113676.0698,1056.0229,0.9493,0.9493,94.6018,94.6018,154.0686,1054.0067,1054.0067,1054.0067
TC,5,Tucumán,Chaco seco,,427101.0795,4975.4086,0.7693,0.7693,143.6030,143.6030,937.4518,937.4518,937.4518,937.4518
TC,7,Tucumán,Selva de Yungas,,75073.7879,15476.7910,1476.1091,1476.1091,5434.4365,5438.4831,6647.3421,7195.8095,7196.4460,7196.4460
TF,0,Tierra del Fuego,Bosques patagonicos,,68925.6755,16149.6186,1246.2613,1259.0397,4757.6113,5387.4802,9288.7101,11650.1005,11761.9111,11852.7735
TF,1,Tierra del Fuego,Estepa patagonica,,565089.7022,4548.6412,124.6382,124.6382,145.8200,145.8200,210.5809,211.2077,211.2077,682.9357
